[
  {
    "id": "6f530332-928b-457f-9438-2061afe53934",
    "info": {
      "title": "ut aut velit",
      "description": "Delectus facere est cumque rem."
    },
    "parentId": null,
    "user": {
      "firstName": "Haleigh",
      "lastName": "Powlowski"
    }
  },
  {
    "id": "c114c986-f3f0-47f3-a5c2-0ffaa63a8128",
    "info": {
      "title": "eos quas nesciunt",
      "description": "Reiciendis quidem quibusdam."
    },
    "parentId": null,
    "user": {
      "firstName": "Tara",
      "lastName": "Feeney"
    }
  },
  {
    "id": "0bc439e1-4847-46a3-b2aa-821a441a7afd",
    "info": {
      "title": "distinctio officiis neque",
      "description": "Qui delectus molestiae nemo quisquam eaque corporis tenetur quis."
    },
    "parentId": null,
    "user": {
      "firstName": "Tamara",
      "lastName": "Kiehn"
    }
  },
  {
    "id": "20789478-fcbb-4871-81ff-26f1110df3e3",
    "info": {
      "title": "aperiam qui quod",
      "description": "Suscipit voluptatem est."
    },
    "parentId": null,
    "user": {
      "firstName": "Reed",
      "lastName": "Raynor"
    }
  },
  {
    "id": "ae0d0dec-21cf-41c9-ab89-6c34bab20a32",
    "info": {
      "title": "at qui et",
      "description": "Aut quam vel consequatur dicta dicta ut tempore praesentium."
    },
    "parentId": null,
    "user": {
      "firstName": "Jose",
      "lastName": "Keebler"
    }
  },
  {
    "id": "64bee288-3d4c-459c-9883-785ac7fd9af8",
    "info": {
      "title": "explicabo suscipit et",
      "description": "Ipsum numquam ducimus ducimus."
    },
    "parentId": "c114c986-f3f0-47f3-a5c2-0ffaa63a8128",
    "user": {
      "firstName": "Horacio",
      "lastName": "Buckridge"
    }
  },
  {
    "id": "c43a17a6-510c-4528-ac37-067af14ac0b2",
    "info": {
      "title": "dolores quis amet",
      "description": "In necessitatibus velit voluptas dolor provident."
    },
    "parentId": null,
    "user": {
      "firstName": "Dessie",
      "lastName": "Haag"
    }
  },
  {
    "id": "0ee94df8-a2ac-41e2-b95b-cc458167e650",
    "info": {
      "title": "illum omnis suscipit",
      "description": "Voluptatem voluptatibus neque laborum alias."
    },
    "parentId": "64bee288-3d4c-459c-9883-785ac7fd9af8",
    "user": {
      "firstName": "Nico",
      "lastName": "Heaney"
    }
  },
  {
    "id": "f710d80e-e84c-42ee-8d88-770b55b5c313",
    "info": {
      "title": "odio molestiae est",
      "description": "Ullam sed omnis aut iusto possimus."
    },
    "parentId": null,
    "user": {
      "firstName": "Jaylin",
      "lastName": "King"
    }
  },
  {
    "id": "1a0194d3-05a2-4d9f-b0b3-3d3b80c008a9",
    "info": {
      "title": "possimus quae perferendis",
      "description": "Et dignissimos eligendi ut."
    },
    "parentId": null,
    "user": {
      "firstName": "Austin",
      "lastName": "Rolfson"
    }
  },
  {
    "id": "ec0047d3-9065-4b7a-8919-3a31472e16af",
    "info": {
      "title": "quidem qui voluptas",
      "description": "Facilis et quis."
    },
    "parentId": null,
    "user": {
      "firstName": "Helga",
      "lastName": "Ernser"
    }
  },
  {
    "id": "56487ad8-67e2-4023-b28f-69430d7cad91",
    "info": {
      "title": "omnis occaecati delectus",
      "description": "Eum fuga illum voluptate quo sed incidunt consequatur veniam dolor."
    },
    "parentId": null,
    "user": {
      "firstName": "Nadia",
      "lastName": "Satterfield"
    }
  },
  {
    "id": "757319ec-17a5-45fd-8a4f-92596b3ea90f",
    "info": {
      "title": "omnis excepturi quae",
      "description": "Non ut ex expedita omnis."
    },
    "parentId": null,
    "user": {
      "firstName": "Amaya",
      "lastName": "Graham"
    }
  },
  {
    "id": "8b8756c9-18ba-4631-8708-21266168fbdd",
    "info": {
      "title": "labore tempora labore",
      "description": "Autem ullam exercitationem et id distinctio."
    },
    "parentId": null,
    "user": {
      "firstName": "Lucius",
      "lastName": "Nienow"
    }
  },
  {
    "id": "ac05d714-e1aa-4b7a-abe6-ca87b7d7c547",
    "info": {
      "title": "quibusdam in qui",
      "description": "Quas cum vel molestias tempora dolor."
    },
    "parentId": null,
    "user": {
      "firstName": "Lavada",
      "lastName": "Funk"
    }
  },
  {
    "id": "0cfece43-b8ec-42e3-bfac-cebdafd3d2cf",
    "info": {
      "title": "consequatur laborum odio",
      "description": "Repellat dignissimos cumque exercitationem in culpa voluptatem."
    },
    "parentId": null,
    "user": {
      "firstName": "Felipa",
      "lastName": "Walker"
    }
  },
  {
    "id": "dba25c88-82f2-44ff-8ba6-7c341918f76c",
    "info": {
      "title": "sed velit qui",
      "description": "Et necessitatibus quo qui odio."
    },
    "parentId": "f710d80e-e84c-42ee-8d88-770b55b5c313",
    "user": {
      "firstName": "Vincent",
      "lastName": "Rath"
    }
  },
  {
    "id": "bf3cd007-4020-48cc-9824-8a6013efeb8a",
    "info": {
      "title": "dolores adipisci incidunt",
      "description": "Numquam suscipit est deleniti eos distinctio quo voluptatibus culpa."
    },
    "parentId": null,
    "user": {
      "firstName": "Chauncey",
      "lastName": "Stroman"
    }
  },
  {
    "id": "462f20ac-885f-40b8-804c-698178b60c61",
    "info": {
      "title": "illo nam aperiam",
      "description": "Blanditiis alias reprehenderit assumenda."
    },
    "parentId": null,
    "user": {
      "firstName": "Lori",
      "lastName": "Kohler"
    }
  },
  {
    "id": "9087dbe7-8eb3-4a70-b5e4-7ff99a80cf52",
    "info": {
      "title": "sit est commodi",
      "description": "Suscipit sit occaecati quia pariatur voluptas omnis velit."
    },
    "parentId": "dba25c88-82f2-44ff-8ba6-7c341918f76c",
    "user": {
      "firstName": "Pinkie",
      "lastName": "Gleason"
    }
  },
  {
    "id": "79932525-f6f8-468c-ae1e-531556644d4f",
    "info": {
      "title": "sunt repellendus at",
      "description": "Suscipit et et aliquam non occaecati."
    },
    "parentId": null,
    "user": {
      "firstName": "Wayne",
      "lastName": "Dickinson"
    }
  },
  {
    "id": "0c0873c0-8fd2-43eb-b75d-102976b9f974",
    "info": {
      "title": "autem et nihil",
      "description": "Consequatur sit amet aut nihil nihil."
    },
    "parentId": null,
    "user": {
      "firstName": "Minnie",
      "lastName": "Nader"
    }
  },
  {
    "id": "f0e24d0e-7674-4a14-a56f-cd831e53d210",
    "info": {
      "title": "reprehenderit alias omnis",
      "description": "Delectus aut rem repellendus non soluta rerum voluptate quis non."
    },
    "parentId": null,
    "user": {
      "firstName": "Jessyca",
      "lastName": "Wilderman"
    }
  },
  {
    "id": "663b5c18-e87b-4dad-84e9-cdb1322f97f8",
    "info": {
      "title": "eaque ab quia",
      "description": "Suscipit dicta et quis nemo quo animi nostrum."
    },
    "parentId": null,
    "user": {
      "firstName": "Claude",
      "lastName": "Welch"
    }
  },
  {
    "id": "643895fb-83a5-4ad6-8967-8f1a303ea2c6",
    "info": {
      "title": "hic itaque odio",
      "description": "Et assumenda rerum assumenda quasi sed accusamus."
    },
    "parentId": null,
    "user": {
      "firstName": "Antwon",
      "lastName": "Kovacek"
    }
  },
  {
    "id": "accc6f64-8989-40b3-a906-7979cbf4e329",
    "info": {
      "title": "porro vitae alias",
      "description": "Ab dolorum consequatur non nesciunt sed tenetur alias nihil."
    },
    "parentId": null,
    "user": {
      "firstName": "Ricardo",
      "lastName": "Kertzmann"
    }
  },
  {
    "id": "99864ed6-3245-45b8-addb-e6e626e2fef2",
    "info": {
      "title": "sapiente amet unde",
      "description": "Temporibus facilis id quod ut non dolores ut."
    },
    "parentId": null,
    "user": {
      "firstName": "Oda",
      "lastName": "Kertzmann"
    }
  },
  {
    "id": "e822f7a0-7ccc-481e-a13d-626b753246cb",
    "info": {
      "title": "quis voluptas possimus",
      "description": "Illum est in illo consequatur tempore qui ea cumque."
    },
    "parentId": null,
    "user": {
      "firstName": "Hugh",
      "lastName": "Kemmer"
    }
  },
  {
    "id": "ab4db3b0-7a20-4783-be02-a3ed79b2a8e0",
    "info": {
      "title": "in incidunt alias",
      "description": "Laboriosam id sequi ratione aut autem laborum."
    },
    "parentId": "0bc439e1-4847-46a3-b2aa-821a441a7afd",
    "user": {
      "firstName": "Scarlett",
      "lastName": "Gutmann"
    }
  },
  {
    "id": "7c63ad7e-3c1e-4fa9-a7f0-05779a4d5db1",
    "info": {
      "title": "molestias voluptatem et",
      "description": "Praesentium adipisci accusantium temporibus quisquam."
    },
    "parentId": null,
    "user": {
      "firstName": "Izaiah",
      "lastName": "Parisian"
    }
  },
  {
    "id": "c9385f28-d613-4b3c-a44f-f19796d441bd",
    "info": {
      "title": "quaerat ratione nihil",
      "description": "Non laudantium inventore temporibus eaque nisi."
    },
    "parentId": "462f20ac-885f-40b8-804c-698178b60c61",
    "user": {
      "firstName": "Kendrick",
      "lastName": "Casper"
    }
  },
  {
    "id": "d4fc4801-4610-47a3-bb5a-e4347879f474",
    "info": {
      "title": "velit qui asperiores",
      "description": "Quod at libero et molestiae quia deserunt ipsam."
    },
    "parentId": "e822f7a0-7ccc-481e-a13d-626b753246cb",
    "user": {
      "firstName": "Bo",
      "lastName": "Barrows"
    }
  },
  {
    "id": "f3a3b3bd-b03a-41e8-9865-a2682155a00b",
    "info": {
      "title": "autem quos quos",
      "description": "Labore voluptatem molestias corrupti nostrum aliquam facere."
    },
    "parentId": null,
    "user": {
      "firstName": "Orland",
      "lastName": "Roob"
    }
  },
  {
    "id": "a1e9d6c7-3d62-4065-8a1e-011aa9b5dc24",
    "info": {
      "title": "nihil aut minus",
      "description": "Aut facere sint consequatur impedit ab eius."
    },
    "parentId": "56487ad8-67e2-4023-b28f-69430d7cad91",
    "user": {
      "firstName": "Shana",
      "lastName": "Farrell"
    }
  },
  {
    "id": "78aa76ac-19e3-4f12-af17-57e04cd091fd",
    "info": {
      "title": "rem inventore ex",
      "description": "Maxime eum sit dolor."
    },
    "parentId": null,
    "user": {
      "firstName": "Jordane",
      "lastName": "Crooks"
    }
  },
  {
    "id": "1c3d3f80-6e55-4dd5-9029-60875d0f8a92",
    "info": {
      "title": "laborum sit reprehenderit",
      "description": "Et rerum beatae."
    },
    "parentId": null,
    "user": {
      "firstName": "Kevon",
      "lastName": "Hickle"
    }
  },
  {
    "id": "3bc7d5b9-ef9b-4377-91e1-5334565e34a9",
    "info": {
      "title": "eaque magni consectetur",
      "description": "Laudantium est rerum odit iure sint ullam quis quaerat dolor."
    },
    "parentId": "f0e24d0e-7674-4a14-a56f-cd831e53d210",
    "user": {
      "firstName": "Griffin",
      "lastName": "Homenick"
    }
  },
  {
    "id": "425d997f-2f11-4825-93ad-6449613858a8",
    "info": {
      "title": "in doloremque excepturi",
      "description": "Officiis accusantium aut voluptatum amet."
    },
    "parentId": null,
    "user": {
      "firstName": "Jermey",
      "lastName": "Dickinson"
    }
  },
  {
    "id": "634aa9de-84d5-461f-bdd3-a9a73c5deba9",
    "info": {
      "title": "enim iusto commodi",
      "description": "Qui atque aliquid qui voluptas aut eius qui."
    },
    "parentId": null,
    "user": {
      "firstName": "Jett",
      "lastName": "Stamm"
    }
  },
  {
    "id": "843f94ad-3492-4b33-a936-9c3b6edfb3b4",
    "info": {
      "title": "sed aut beatae",
      "description": "Voluptas error rem quo est soluta magni eius."
    },
    "parentId": "7c63ad7e-3c1e-4fa9-a7f0-05779a4d5db1",
    "user": {
      "firstName": "Demario",
      "lastName": "Trantow"
    }
  },
  {
    "id": "afcb0bb0-81b0-4b48-82db-d9bc8ff0b299",
    "info": {
      "title": "ut omnis deleniti",
      "description": "Officia voluptatem occaecati et incidunt ut autem."
    },
    "parentId": "d4fc4801-4610-47a3-bb5a-e4347879f474",
    "user": {
      "firstName": "Shemar",
      "lastName": "Wisozk"
    }
  },
  {
    "id": "612463bd-76b1-43f4-9d0c-77600e540c2a",
    "info": {
      "title": "autem voluptas aperiam",
      "description": "Quasi et iste provident sapiente culpa sed ut."
    },
    "parentId": null,
    "user": {
      "firstName": "Lydia",
      "lastName": "Howell"
    }
  },
  {
    "id": "4ea45a6f-69f2-4ec3-860a-751f5d0a01b5",
    "info": {
      "title": "minima iusto rerum",
      "description": "Et fugit hic quasi enim nemo voluptatum est sed aut."
    },
    "parentId": null,
    "user": {
      "firstName": "Tess",
      "lastName": "Kilback"
    }
  },
  {
    "id": "7cb652c2-fb16-41c8-8535-ea6be786edc2",
    "info": {
      "title": "quisquam voluptas in",
      "description": "Aut debitis necessitatibus."
    },
    "parentId": null,
    "user": {
      "firstName": "Derrick",
      "lastName": "Schmidt"
    }
  },
  {
    "id": "89d59815-4af7-41d5-9e4e-4ac79d8db30a",
    "info": {
      "title": "itaque ut explicabo",
      "description": "Rerum voluptatum eum."
    },
    "parentId": null,
    "user": {
      "firstName": "Claudine",
      "lastName": "Glover"
    }
  },
  {
    "id": "fc23aafa-cd9a-47e8-b08d-2f065e36134c",
    "info": {
      "title": "sequi possimus harum",
      "description": "Recusandae earum voluptatem dolorem qui."
    },
    "parentId": null,
    "user": {
      "firstName": "Soledad",
      "lastName": "Parker"
    }
  },
  {
    "id": "fcde5090-bfea-40d9-bddb-0d9cfe2d5327",
    "info": {
      "title": "odio qui autem",
      "description": "Nulla eius ut officia consequatur fuga earum eum qui."
    },
    "parentId": "7cb652c2-fb16-41c8-8535-ea6be786edc2",
    "user": {
      "firstName": "Darrion",
      "lastName": "Nader"
    }
  },
  {
    "id": "8696577e-9b28-4943-b3e3-aa6dd9e6ccff",
    "info": {
      "title": "est impedit et",
      "description": "Vitae soluta blanditiis commodi a ullam libero impedit necessitatibus fuga."
    },
    "parentId": "f0e24d0e-7674-4a14-a56f-cd831e53d210",
    "user": {
      "firstName": "Chesley",
      "lastName": "VonRueden"
    }
  },
  {
    "id": "3c4dafc0-a5da-43d6-919d-7bb134af3554",
    "info": {
      "title": "expedita aliquid impedit",
      "description": "Accusantium quasi odio quod suscipit eaque eum."
    },
    "parentId": null,
    "user": {
      "firstName": "Terrell",
      "lastName": "Lemke"
    }
  },
  {
    "id": "bc18ebda-ff75-4739-a30a-27ba43d299db",
    "info": {
      "title": "labore ut in",
      "description": "Magnam ea tempore velit animi iure."
    },
    "parentId": null,
    "user": {
      "firstName": "Wilford",
      "lastName": "Watsica"
    }
  },
  {
    "id": "e9c68eed-2a86-4b4b-a03f-5c133853fe5a",
    "info": {
      "title": "saepe debitis in",
      "description": "Porro nemo ut ut qui quia doloribus quasi."
    },
    "parentId": null,
    "user": {
      "firstName": "Paula",
      "lastName": "Marquardt"
    }
  },
  {
    "id": "8e9e07f3-656c-4457-8332-f66452fae9a3",
    "info": {
      "title": "reprehenderit voluptas cumque",
      "description": "Quo suscipit praesentium in aut itaque numquam quod et."
    },
    "parentId": "64bee288-3d4c-459c-9883-785ac7fd9af8",
    "user": {
      "firstName": "Vallie",
      "lastName": "Collins"
    }
  },
  {
    "id": "985ab81c-aca6-4354-a19a-6b70ab967b16",
    "info": {
      "title": "sapiente aperiam quod",
      "description": "Perspiciatis expedita magnam quos quos ut excepturi."
    },
    "parentId": "56487ad8-67e2-4023-b28f-69430d7cad91",
    "user": {
      "firstName": "Kaylah",
      "lastName": "Herzog"
    }
  },
  {
    "id": "6099d2c1-56a6-40cb-bc32-dd6c77673910",
    "info": {
      "title": "incidunt quisquam suscipit",
      "description": "Placeat sit voluptas."
    },
    "parentId": "8b8756c9-18ba-4631-8708-21266168fbdd",
    "user": {
      "firstName": "Noble",
      "lastName": "Stark"
    }
  },
  {
    "id": "592a1de0-f153-471e-a080-c689bf479c6c",
    "info": {
      "title": "autem vel sunt",
      "description": "Sed quos mollitia ipsa quia molestiae distinctio rem corporis fugiat."
    },
    "parentId": null,
    "user": {
      "firstName": "Carrie",
      "lastName": "Braun"
    }
  },
  {
    "id": "9fb1abb9-54b4-4bdf-af8e-2647cee783e1",
    "info": {
      "title": "qui sapiente et",
      "description": "Ea est ut adipisci."
    },
    "parentId": null,
    "user": {
      "firstName": "Amanda",
      "lastName": "Bruen"
    }
  },
  {
    "id": "48f212e7-92cb-4de3-a3a5-183c9e711a3c",
    "info": {
      "title": "qui quibusdam perspiciatis",
      "description": "Explicabo recusandae non."
    },
    "parentId": "0c0873c0-8fd2-43eb-b75d-102976b9f974",
    "user": {
      "firstName": "Efren",
      "lastName": "Swift"
    }
  },
  {
    "id": "8f6896ba-b97d-4a65-a211-cc9a75c114ec",
    "info": {
      "title": "tempora magni dolor",
      "description": "Exercitationem voluptas rem quia exercitationem aut saepe quibusdam."
    },
    "parentId": null,
    "user": {
      "firstName": "Maynard",
      "lastName": "Pagac"
    }
  },
  {
    "id": "e69e3461-a9e7-48ec-8419-14cd92c9b90a",
    "info": {
      "title": "distinctio consequatur possimus",
      "description": "Velit soluta consequatur rerum veniam quod ullam accusantium."
    },
    "parentId": null,
    "user": {
      "firstName": "Lionel",
      "lastName": "Kunze"
    }
  },
  {
    "id": "8b3f5ecc-2991-4d20-944b-81fecfd2b70b",
    "info": {
      "title": "beatae quo reprehenderit",
      "description": "Dicta sed molestias."
    },
    "parentId": null,
    "user": {
      "firstName": "Camden",
      "lastName": "Williamson"
    }
  },
  {
    "id": "4325fafd-746e-47d1-b1a6-d0b4a1ec950c",
    "info": {
      "title": "vitae pariatur cum",
      "description": "Et minus cum quidem perspiciatis voluptatem atque modi doloribus et."
    },
    "parentId": null,
    "user": {
      "firstName": "Erik",
      "lastName": "Daniel"
    }
  },
  {
    "id": "df23e590-b3d6-4883-999f-74d1b8132ce1",
    "info": {
      "title": "deserunt ullam vero",
      "description": "Blanditiis consequatur porro."
    },
    "parentId": "afcb0bb0-81b0-4b48-82db-d9bc8ff0b299",
    "user": {
      "firstName": "Isabel",
      "lastName": "Rippin"
    }
  },
  {
    "id": "d2c9c029-fc93-4818-a151-1b09d60ea45a",
    "info": {
      "title": "non quasi eum",
      "description": "Est et rem recusandae."
    },
    "parentId": "8f6896ba-b97d-4a65-a211-cc9a75c114ec",
    "user": {
      "firstName": "Maxine",
      "lastName": "McClure"
    }
  },
  {
    "id": "a9e798a7-e5fc-4a66-8e98-c49ff9aab743",
    "info": {
      "title": "ut nam sint",
      "description": "Dicta deleniti laborum totam quia."
    },
    "parentId": "757319ec-17a5-45fd-8a4f-92596b3ea90f",
    "user": {
      "firstName": "Cathy",
      "lastName": "Zboncak"
    }
  },
  {
    "id": "11807c49-0d6c-4635-b5ee-99c3f059adab",
    "info": {
      "title": "eos rerum corporis",
      "description": "Natus quis ut a voluptatem."
    },
    "parentId": null,
    "user": {
      "firstName": "Buster",
      "lastName": "Kessler"
    }
  },
  {
    "id": "bccacb90-8129-461e-9c2b-7c61b12a1edd",
    "info": {
      "title": "sed sint in",
      "description": "Dolorum illum officia pariatur quia."
    },
    "parentId": null,
    "user": {
      "firstName": "Odie",
      "lastName": "Wintheiser"
    }
  },
  {
    "id": "2a35df4f-8cfe-4f26-85e2-35b3511e6bda",
    "info": {
      "title": "ut deleniti temporibus",
      "description": "Est blanditiis odit."
    },
    "parentId": "f710d80e-e84c-42ee-8d88-770b55b5c313",
    "user": {
      "firstName": "Agustina",
      "lastName": "Yundt"
    }
  },
  {
    "id": "e42df971-146c-4807-b627-0d61eb341aba",
    "info": {
      "title": "non repudiandae aut",
      "description": "Nam qui tenetur ea."
    },
    "parentId": "8b8756c9-18ba-4631-8708-21266168fbdd",
    "user": {
      "firstName": "Sunny",
      "lastName": "Torphy"
    }
  },
  {
    "id": "aeba5ca3-4093-48cc-8383-25feca6deb22",
    "info": {
      "title": "voluptas architecto ducimus",
      "description": "Dolorem dolorem dicta delectus dicta."
    },
    "parentId": null,
    "user": {
      "firstName": "Tiana",
      "lastName": "Bins"
    }
  },
  {
    "id": "69a326e5-431a-4c68-b3ff-2137cdd616f3",
    "info": {
      "title": "ut velit incidunt",
      "description": "Possimus praesentium saepe quis rerum."
    },
    "parentId": "48f212e7-92cb-4de3-a3a5-183c9e711a3c",
    "user": {
      "firstName": "Titus",
      "lastName": "Torp"
    }
  },
  {
    "id": "8a224e44-f5d4-468e-a8da-87336e346d23",
    "info": {
      "title": "quo soluta sequi",
      "description": "Eum aut cupiditate."
    },
    "parentId": null,
    "user": {
      "firstName": "Gene",
      "lastName": "Bahringer"
    }
  },
  {
    "id": "dc610667-427d-441e-aa7f-e38380fc5c65",
    "info": {
      "title": "id ducimus totam",
      "description": "Quasi in accusantium non alias nihil sapiente."
    },
    "parentId": "89d59815-4af7-41d5-9e4e-4ac79d8db30a",
    "user": {
      "firstName": "Melba",
      "lastName": "Goodwin"
    }
  },
  {
    "id": "efc5fccb-3b5c-49f9-8103-01d31f1fed59",
    "info": {
      "title": "ducimus vel dolorem",
      "description": "Sit molestias molestiae."
    },
    "parentId": null,
    "user": {
      "firstName": "Layla",
      "lastName": "Fritsch"
    }
  },
  {
    "id": "e17bcc4c-5e4b-4064-9b53-87e06868821c",
    "info": {
      "title": "laboriosam eaque dicta",
      "description": "Voluptatem est sed aut."
    },
    "parentId": null,
    "user": {
      "firstName": "Beryl",
      "lastName": "Zulauf"
    }
  },
  {
    "id": "bf1c3915-f0f2-4f46-b062-93a042604b8f",
    "info": {
      "title": "in et beatae",
      "description": "Neque est debitis ab sit."
    },
    "parentId": null,
    "user": {
      "firstName": "Wilfrid",
      "lastName": "Jacobson"
    }
  },
  {
    "id": "c98ca960-53bc-4723-bbbe-f3800c3a2787",
    "info": {
      "title": "magni ut sit",
      "description": "Accusantium ut asperiores culpa officia molestiae sed."
    },
    "parentId": null,
    "user": {
      "firstName": "Thea",
      "lastName": "Balistreri"
    }
  },
  {
    "id": "2fea8283-5d8a-4046-9528-9e61ee30648a",
    "info": {
      "title": "et velit cum",
      "description": "Doloremque ipsa exercitationem."
    },
    "parentId": "accc6f64-8989-40b3-a906-7979cbf4e329",
    "user": {
      "firstName": "Malvina",
      "lastName": "Bahringer"
    }
  },
  {
    "id": "08cbd06a-af1a-4256-b009-827a9d54b07e",
    "info": {
      "title": "aliquid dolor ut",
      "description": "Occaecati ducimus voluptatibus temporibus sit quia consectetur non odio architecto."
    },
    "parentId": null,
    "user": {
      "firstName": "Amari",
      "lastName": "MacGyver"
    }
  },
  {
    "id": "da0862b7-2e2b-42ee-948e-d9c6e13d075e",
    "info": {
      "title": "consequatur recusandae suscipit",
      "description": "Suscipit odit aspernatur qui aut temporibus velit itaque."
    },
    "parentId": null,
    "user": {
      "firstName": "Trevion",
      "lastName": "Hilpert"
    }
  },
  {
    "id": "916b8577-ac71-4cd9-9c4e-2e4d77e8f92d",
    "info": {
      "title": "voluptas sed dolor",
      "description": "Consequuntur reiciendis nam rerum ad praesentium et incidunt."
    },
    "parentId": null,
    "user": {
      "firstName": "Bart",
      "lastName": "Rau"
    }
  },
  {
    "id": "914b1090-003c-4977-8e42-47916e7c215b",
    "info": {
      "title": "error sint sed",
      "description": "Aperiam vero est in."
    },
    "parentId": null,
    "user": {
      "firstName": "Katheryn",
      "lastName": "Stokes"
    }
  },
  {
    "id": "68654275-41b7-4d06-be0c-095fb862356f",
    "info": {
      "title": "reiciendis quo cupiditate",
      "description": "Perspiciatis quia optio numquam facilis."
    },
    "parentId": "914b1090-003c-4977-8e42-47916e7c215b",
    "user": {
      "firstName": "Tito",
      "lastName": "Douglas"
    }
  },
  {
    "id": "d0d64252-2a17-4331-900b-ba23056466b1",
    "info": {
      "title": "ea soluta nam",
      "description": "At illum repellendus autem vero."
    },
    "parentId": null,
    "user": {
      "firstName": "Amiya",
      "lastName": "Hyatt"
    }
  },
  {
    "id": "46c471af-02f6-40c3-b0ff-76445eb83fac",
    "info": {
      "title": "dolorum esse id",
      "description": "Accusamus aut consequuntur quisquam iste est qui praesentium et sit."
    },
    "parentId": null,
    "user": {
      "firstName": "Rodrigo",
      "lastName": "Will"
    }
  },
  {
    "id": "f2c9c7ea-e025-4584-b340-f4351878b7cb",
    "info": {
      "title": "quasi aut beatae",
      "description": "Eos tenetur laborum fugiat magnam excepturi consequatur."
    },
    "parentId": "bf1c3915-f0f2-4f46-b062-93a042604b8f",
    "user": {
      "firstName": "Quinton",
      "lastName": "Mohr"
    }
  },
  {
    "id": "31c5e417-d067-4016-9c79-542dba8fe197",
    "info": {
      "title": "fuga nulla qui",
      "description": "Placeat et earum delectus quisquam."
    },
    "parentId": null,
    "user": {
      "firstName": "Freddie",
      "lastName": "Considine"
    }
  },
  {
    "id": "0e6fc467-3f80-4460-9879-6a2bfe32effb",
    "info": {
      "title": "ea suscipit nihil",
      "description": "Ipsum et numquam."
    },
    "parentId": null,
    "user": {
      "firstName": "Giuseppe",
      "lastName": "Abbott"
    }
  },
  {
    "id": "e0edd168-673b-402e-ab40-f36bb129e13e",
    "info": {
      "title": "voluptatem consequatur officiis",
      "description": "Et quasi fugiat temporibus reprehenderit sequi magni sit ab est."
    },
    "parentId": null,
    "user": {
      "firstName": "Martina",
      "lastName": "Hirthe"
    }
  },
  {
    "id": "47bcae0b-8ba4-48ae-b871-85d72155fb1c",
    "info": {
      "title": "esse vel exercitationem",
      "description": "Autem quo molestias voluptas est necessitatibus et aut quo."
    },
    "parentId": null,
    "user": {
      "firstName": "Krystal",
      "lastName": "Reilly"
    }
  },
  {
    "id": "f49e57fc-b6d0-4152-b8ef-538c801b5842",
    "info": {
      "title": "est quod quod",
      "description": "Dolores omnis enim ab."
    },
    "parentId": null,
    "user": {
      "firstName": "Zelda",
      "lastName": "Walker"
    }
  },
  {
    "id": "ec4b1ff8-f0b1-4ea6-b3a5-454f8dcccb34",
    "info": {
      "title": "unde illo totam",
      "description": "Ipsum ducimus repellat ullam ducimus enim eum."
    },
    "parentId": "46c471af-02f6-40c3-b0ff-76445eb83fac",
    "user": {
      "firstName": "Kameron",
      "lastName": "Huels"
    }
  },
  {
    "id": "fe510e5a-778c-4cd3-9e2c-1c5b5c2677b0",
    "info": {
      "title": "et similique deserunt",
      "description": "Ipsum aut fugit voluptatum harum corporis nostrum."
    },
    "parentId": null,
    "user": {
      "firstName": "Grant",
      "lastName": "Blick"
    }
  },
  {
    "id": "25983a26-261d-4caf-a951-6bc571822427",
    "info": {
      "title": "aliquam doloribus aspernatur",
      "description": "Voluptates quis sit sint accusamus similique provident est."
    },
    "parentId": null,
    "user": {
      "firstName": "Kailey",
      "lastName": "Homenick"
    }
  },
  {
    "id": "870687fd-faae-4991-9d55-6423c1f36401",
    "info": {
      "title": "impedit ipsa dolores",
      "description": "Qui error quia nam nulla sed aspernatur quaerat ad."
    },
    "parentId": null,
    "user": {
      "firstName": "Imani",
      "lastName": "Ledner"
    }
  },
  {
    "id": "61b75f72-ec59-4959-9cad-4409226d8110",
    "info": {
      "title": "non fugiat esse",
      "description": "Quae et dolor qui veniam sed."
    },
    "parentId": null,
    "user": {
      "firstName": "Raina",
      "lastName": "Ferry"
    }
  },
  {
    "id": "26903914-8e87-4249-869a-a50319e7f12e",
    "info": {
      "title": "nobis quis similique",
      "description": "Qui error ullam iste rem."
    },
    "parentId": null,
    "user": {
      "firstName": "Jaydon",
      "lastName": "King"
    }
  },
  {
    "id": "05fbe633-a433-4cdc-9093-3f42ea1557e9",
    "info": {
      "title": "id ad veritatis",
      "description": "Iste quae eos reprehenderit consequatur odio temporibus ut."
    },
    "parentId": null,
    "user": {
      "firstName": "Clark",
      "lastName": "Blick"
    }
  },
  {
    "id": "10431123-8906-46d9-8c2d-5339aad9191d",
    "info": {
      "title": "voluptas ipsam qui",
      "description": "Laborum occaecati beatae excepturi harum blanditiis dolorem at dolor dolores."
    },
    "parentId": null,
    "user": {
      "firstName": "Hilario",
      "lastName": "Koss"
    }
  },
  {
    "id": "9c10c154-f4a9-4c17-8fa3-5d77b93920fc",
    "info": {
      "title": "animi architecto blanditiis",
      "description": "Suscipit consequuntur vero ea voluptatibus aut sunt aut."
    },
    "parentId": null,
    "user": {
      "firstName": "Morris",
      "lastName": "Glover"
    }
  },
  {
    "id": "c8da7f4d-dd6c-46d7-8ce4-773826b4e94e",
    "info": {
      "title": "fugiat et eos",
      "description": "Vel consequatur aut."
    },
    "parentId": null,
    "user": {
      "firstName": "Reinhold",
      "lastName": "Swaniawski"
    }
  }
]